city,province,Latitude,Longitude
آباد,بوشهر,29.0246495,51.2523566
آبادان,خوزستان,30.3636097,48.2591475
آباده,فارس,31.1627056,52.6490454
آباده طشک,فارس,29.8281361,53.5972128
آب بر,زنجان,36.9258587,48.953276
آبی بیگلو,اردبیل,38.28365,48.5527012
آب پخش,بوشهر,29.3604336,51.0713656
آبدان,بوشهر,28.086050200000003,51.78362047831979
آبدانان,ایلام,32.9897172,47.4223907
ابریشم,اصفهان,32.57415855,51.57874288436156
ابرکوه,یزد,31.1324814,53.2803103
آبژدان,خوزستان,32.0667964,49.4578706
آبسرد,تهران,35.6231852,52.1528132
آبش احمد,آذربایجان شرقی,39.1222172,47.394406939671214
آبعلی,تهران,35.7620424,51.9628205
آبیک,قزوین,36.0416927,50.5320519
آبگرم,قزوین,35.7572894,49.2849077
ابهر,زنجان,36.1436784,49.219963
ابوحمیظه,خوزستان,31.5293321,48.2200324
ابوزیدآباد,اصفهان,34.1330331,51.70237699022216
ابوموسی,هرمزگان,25.8859402,55.0313241
ایج,فارس,29.0232949,54.2461207786837
آجین,همدان,34.7357024,47.9266027
اچاچی,آذربایجان شرقی,37.3954214,47.7951473
احمدآباد,یزد,31.297911,54.2256599
احمدابادصولت,خراسان رضوی,,
احمد آباد مستوفی,تهران,35.6340498,51.210016332135126
احمدسرگوراب,گیلان,37.135167550000006,49.37290005139745
اختیارآباد,كرمان,30.3276538,56.9247177
ادیمی,سیستان و بلوچستان,31.1159553,61.4082693
آذرشهر,آذربایجان شرقی,37.7577189,45.9784018
ایذه,خوزستان,31.8303661,49.8685539
آرادان,سمنان,35.2478246,52.4928417
اراک,مركزی,34.0865203,49.6888415
ایرانشهر,سیستان و بلوچستان,27.2069903,60.6882515
آران وبیدگل,اصفهان,34.0699819,51.4763424
ارجمند,تهران,35.8154903,52.5141334
ارداق,قزوین,36.0531207,49.8249049
اردبیل,اردبیل,38.2514233,48.297487
اردستان,اصفهان,33.1293934,52.0488936
اردکان,یزد,32.0528313,54.1917651
اردکان,فارس,30.2623521,51.9836519
اردل,چهارمحال و بختیاری,31.997682,50.6609476
ارزوییه,كرمان,28.4568592,56.3634502
ارسک,خراسان جنوبی,33.63728355,57.42335921544101
ارسنجان,فارس,29.914968,53.3089761
ارطه,مازندران,36.4949892,52.9568562
ارکواز,ایلام,33.3846543,46.5973663
آرمرده,کردستان,35.931781,45.7966561
ارمغانخانه,زنجان,36.9773471,48.3731561
آرین شهر,خراسان جنوبی,33.3319207,59.2333976
ارومیه,آذربایجان غربی,37.530903,45.07633946922322
اروندکنار,خوزستان,29.9785084,48.521158
آزادی,خوزستان,32.4041735,48.2512579
آزادشهر,گلستان,37.0875125,55.1725639
ایزدخواست,فارس,31.5158438,52.1247911
ایزدشهر,مازندران,36.5987867,52.135172
ازگله,کرمانشاه,34.8322142,45.8424966
ازنا,لرستان,33.4568272,49.4537204
ازندریان,همدان,34.504361,48.6909354
اژیه,اصفهان,32.4400685,52.3789114
آسارا,البرز,36.036872,51.1954666
اسالم,گیلان,37.731171,48.9545271
اسپکه,سیستان و بلوچستان,26.8384487,60.1725848
آستارا,گیلان,38.4193239,48.8715278
آستانه,مركزی,33.8855889,49.3521739
آستانه اشرفیه,گیلان,37.26497555,49.94274383105292
استهبان,فارس,29.1252321,54.0405113
اسدآباد,همدان,34.7825885,48.1217832
اسدیه,خراسان جنوبی,32.9157088,60.0209676
اسیر,فارس,27.7254045,52.6648188
اسفدن,خراسان جنوبی,33.6478435,59.7791575
اسفراین,خراسان شمالی,37.0750975,57.5096169
اسفرورین,قزوین,35.9353304,49.7479887
آیسک,خراسان جنوبی,33.8862967,58.3810693
اسکو,آذربایجان شرقی,37.9161035,46.1244787
اسلام اباد,اردبیل,38.1316296,47.9436261
اسلام آبادغرب,کرمانشاه,34.2930003,46.9378837
اسلامشهر,تهران,35.5478513,51.2318676
اسلامیه,خراسان جنوبی,34.0417691,58.2187287
آسمان آباد,ایلام,33.8619245,46.4518435
یاسوج,کهگیلویه و بویراحمد,30.6681785,51.581916
یاسوکند,کردستان,36.2843531,47.746568
آشتیان,مركزی,35.6585675,51.4283539
اشترینان,لرستان,34.0166865,48.6426479
اشتهارد,البرز,35.7234469,50.3670608
آشخانه,خراسان شمالی,37.5603754,56.922995
اشکذر,یزد,32.000526,54.2071804
اشکنان,فارس,27.2218581,53.6163045
اشنویه,آذربایجان غربی,37.0418235,45.0983499
اصغرآباد,اصفهان,32.6516875,51.4838278
اصفهان,اصفهان,32.6707877,51.6650002
اصلاندوز,اردبیل,39.4417175,47.4102145
اطاقور,گیلان,37.1099647,50.1145061
آغاجاری,خوزستان,30.6995647,49.8285336
افزر,فارس,28.3468462,52.9664812
افوس,اصفهان,33.0240732,50.0929526
اقبالیه,قزوین,36.2305623,49.9248188
آق قلا,گلستان,37.04404105,54.5673252558578
آقکند,آذربایجان شرقی,37.2575571,48.0648621
اقلید,فارس,30.8925778,52.688496
آلاشت,مازندران,36.066319,52.8366338
ایلام,ایلام,33.6379365,46.4202743
ایلخچی,آذربایجان شرقی,37.9389278,45.9800159
الشتر,لرستان,33.8627885,48.2619601
الیگودرز,لرستان,33.4035124,49.6921874
الهایی,خوزستان,31.6572507,48.5934229
الوان,خوزستان,31.8750982,48.3388672
آلونی,چهارمحال و بختیاری,,
الوند,قزوین,36.1865866,50.064134
امام حسن,بوشهر,29.8407369,50.2645174
امامزاده عبدالله,مازندران,36.4062759,52.3095848
امام شهر,فارس,29.9191475,53.287633
ایمانشهر,اصفهان,32.4881597,51.4469528
یامچی,آذربایجان شرقی,38.5223144,45.6404499
امیدیه,خوزستان,30.7590395,49.7040115
امیرکلا,مازندران,36.5969933,52.6652777
امیریه,سمنان,36.0268156,54.1405503
آمل,مازندران,36.4718947,52.3499009
املش,گیلان,37.0961905,50.1844452
امین شهر,كرمان,30.8419668,55.3413062
انابد,خراسان رضوی,35.2532264,57.8122034
انار,كرمان,30.8724332,55.2720954
انارستان,بوشهر,28.0322242,52.0649913
انارک,اصفهان,33.3104146,53.6981497
انبارآلوم,گلستان,37.132751850000005,54.62139037766107
اینچه برون,گلستان,37.4553436,54.7183338
اندیشه,تهران,35.7052413,51.0296232
اندیمشک,خوزستان,32.458325,48.3521137
اندوهجرد,كرمان,30.2315368,57.751371
اهر,آذربایجان شرقی,38.4774934,47.0662215
اهرم,بوشهر,28.8830282,51.2742019
اهل,فارس,27.2112114,53.6588384
اهواز,خوزستان,31.3229936,48.6793316
آوا,خراسان شمالی,37.4777242,56.7394623
آواجیق,آذربایجان غربی,39.3301839,44.1538901
ایوان,ایلام,33.8282411,46.3096374
ایوانکی,سمنان,35.3439147,52.069887
ایواوغلی,آذربایجان غربی,38.7139034,45.206595
آوج,قزوین,35.5787119,49.2235344
ایور,خراسان شمالی,36.9696847,56.2592355
اورامان تخت,کردستان,35.2526,46.2624
اوز,فارس,27.7625325,54.0051497
آوه,مركزی,34.7925793,50.4224038
باباحیدر,چهارمحال و بختیاری,32.3214462,50.44157603288327
بابارشانی,کردستان,35.6791869,47.7983782
بابامنیر,فارس,30.0724542,51.2059662
باب انار,فارس,28.9670095,53.2127701
بابل,مازندران,36.5452581,52.6846571
بابلسر,مازندران,36.7008777,52.6481047
باجگیران,خراسان رضوی,37.6219339,58.4182541
باخرز,خراسان رضوی,34.9941781,60.3148224
بادرود,اصفهان,33.6565504,52.0321996
بادوله,بوشهر,28.3963734,51.5007714
بار,خراسان رضوی,36.4897198,58.7161898
بیارجمند,سمنان,36.0790243,55.8098841
باروق,آذربایجان غربی,36.9546339,46.3247366
بازار جمعه,گیلان,37.4058797,49.1199769
بازرگان,آذربایجان غربی,39.3886668,44.3876859
بازفت,چهارمحال و بختیاری,32.3896381,49.93890848326917
باسمنج,آذربایجان شرقی,37.9955619,46.4749113
باشت,کهگیلویه و بویراحمد,,
باغ بهادران,اصفهان,32.3762181,51.1890059
باغستان,تهران,35.635564,51.1346204
باغشاد,اصفهان,32.3837155,51.2325317
باغ ملک,خوزستان,31.5247494,49.8868966
باغین,كرمان,30.187107,56.8176548
بافت,كرمان,29.2340169,56.6056569
بافران,اصفهان,32.8398145,53.1410521
بافق,یزد,31.5997065,55.3966892
باقرشهر,تهران,35.5338489,51.4053842
بایک,خراسان رضوی,,
بالاده,فارس,29.2869221,51.9394109
باینگان,کرمانشاه,34.9813,46.2709
بانه,کردستان,35.9946631,45.8843225
بانوره,کرمانشاه,34.970525,46.3600038
بیجار,کردستان,35.8720805,47.5999996
بجستان,خراسان رضوی,34.5163087,58.1834619
بجنورد,خراسان شمالی,37.4759752,57.3319881
بخشایش,آذربایجان شرقی,38.131648,46.9471214
بیدخت,خراسان رضوی,34.3463245,58.7573243
بدره,ایلام,33.3060497,47.0385999
بیدروبه,خوزستان,32.7611171,48.2373019
بیدستان,قزوین,36.2299677,50.1234128
برازجان,بوشهر,29.2661428,51.2120597
بیران شهر,لرستان,33.6485949,48.5597292
بیرجند,خراسان جنوبی,32.8633961,59.2177294
بردخون,بوشهر,28.0623996,51.4771795
بردستان,بوشهر,27.874025,51.9596196
بردسیر,كرمان,29.9283973,56.5717384
بردسکن,خراسان رضوی,35.2611338,57.9685311
برده رشه,کردستان,36.1966547,46.8467267
برزک,اصفهان,33.7828104,51.2252965
برزول,همدان,34.2128467,48.2600728
برف انبار,اصفهان,33.0022943,50.1956911
بیرم,فارس,27.4298807,53.5141478
بره سر,گیلان,36.7738197,49.7547696
بروات,كرمان,28.9857835,58.36547840671756
بروجرد,لرستان,33.8943281,48.7560936
بروجن,چهارمحال و بختیاری,31.9719093,51.291596
بزمان,سیستان و بلوچستان,27.850547,60.1736164
بزنجان,كرمان,29.2513403,56.6995331
بستان,خوزستان,31.73053435,48.04068470571855
بستان آباد,آذربایجان شرقی,37.8429496,46.8339774
بستک,هرمزگان,27.1977195,54.362564
بیستون,کرمانشاه,34.3995692,47.4448343
بسطام,سمنان,36.4827556,55.0010717
بشرویه,خراسان جنوبی,33.8662098,57.4253814
بیضا,فارس,30.0080169,52.3604232
بفروییه,یزد,32.2779278,53.9939167
بیکاء,هرمزگان,27.3554883,57.1799223
بلاوه,ایلام,33.6669604,46.8043038
بلبان آباد,کردستان,35.1406,47.321
بلداجی,چهارمحال و بختیاری,31.90115315,50.9517294976261
بلده,مازندران,36.202753,51.8089289
بیله سوار,اردبیل,39.3779114,48.3499706
بلورد,كرمان,29.4183169,56.0478165
بلوک,كرمان,28.232769,57.5107436
بم,كرمان,29.2361795,58.0641267
بمپور,سیستان و بلوچستان,27.1941781,60.4554816
بن,چهارمحال و بختیاری,,
بناب,آذربایجان شرقی,37.3386053,46.0592907
بناب مرند,آذربایجان شرقی,,
بنارویه,فارس,28.0832919,54.0467988
بنت,سیستان و بلوچستان,26.290834,59.5237216
بنجار,سیستان و بلوچستان,31.0428989,61.5682749
بندرامام خمینی,خوزستان,,
بندرانزلی,گیلان,37.4592329,49.523213
بندرترکمن,گلستان,36.9972552,54.0962371
بندرجاسک,هرمزگان,25.8428695,57.6151877
بندردیر,بوشهر,,
بندردیلم,بوشهر,,
بندرریگ,بوشهر,29.4812567,50.6499817
بندرعباس,هرمزگان,27.1793466,56.2781423
بندرکنگان,بوشهر,,
بندرگز,گلستان,36.7719958,53.9481369
بندرگناوه,بوشهر,,
بندرلنگه,هرمزگان,26.5580832,54.8838151
بندرماهشهر,خوزستان,30.5665116,49.21032865
بنک,بوشهر,27.8720312,52.0270259
بهاباد,یزد,31.876794,56.0191037
بهار,همدان,34.9078226,48.4393612
بهاران شهر,اصفهان,32.515486,51.5417638
بهارستان,اصفهان,32.5392815,51.717553
بهبهان,خوزستان,30.5942065,50.2434128
بهرمان,كرمان,30.9034647,55.7289235
بهشهر,مازندران,36.6911785,53.543415
بهمن,فارس,31.1952313,52.4862158
بهنمیر,مازندران,36.6702899,52.7620524
بوانات,فارس,30.42236335,53.63578569332826
بوشکان,بوشهر,28.8303842,51.6986659
بوشهر,بوشهر,28.9310786,50.8458443
بوکان,آذربایجان غربی,36.5215096,46.2111837
بومهن,تهران,35.7285207,51.864313
بویین زهرا,قزوین,35.7679957,50.0579667
بویین سفلی,کردستان,35.9383195,45.9348089
بویین ومیاندشت,اصفهان,,
پاتاوه,کهگیلویه و بویراحمد,,
پاریز,كرمان,29.8735063,55.7493447
پارس آباد,اردبیل,39.6461735,47.918551
پارسیان,هرمزگان,27.2082174,53.0351431
پاکدشت,تهران,35.4751698,51.6806973
پایین هولار,مازندران,36.4284939,53.1350757
پاوه,کرمانشاه,35.0458307,46.3622191
پیرانشهر,آذربایجان غربی,36.6994559,45.140337
پیربکران,اصفهان,32.468331,51.5595521
پیرتاج,کردستان,35.9554107,47.8141383
پردیس,تهران,35.7371227,51.8172149
پردنجان,چهارمحال و بختیاری,32.2537092,50.5976127
پرند,تهران,35.477882,50.9469189
پرندک,مركزی,35.4947554,51.0432663
پره سر,گیلان,37.6026842,49.0656917
پیش قلعه,خراسان شمالی,37.6502286,57.0018995
پیشین,سیستان و بلوچستان,26.0802335,61.7515585
پیشوا,تهران,35.3058833,51.7252649
پلدختر,لرستان,33.1524187,47.7117493
پلدشت,آذربایجان غربی,39.34933,45.0699185
پل سفید,مازندران,36.1169618,53.0574831
پهله,ایلام,33.0119112,46.8815641
تایباد,خراسان رضوی,34.7401763,60.7755127
تاتارعلیا,گلستان,,
تازیان پایین,هرمزگان,27.2914701,56.153588
تازه آباد,کرمانشاه,34.7312742,46.1777575
تازه شهر,آذربایجان غربی,38.1751182,44.6915009
تازه کند,اردبیل,39.5805353,48.0109969
تازه کندانگوت,اردبیل,39.045299,47.7448756
تاکستان,قزوین,36.0914621,49.7228253
تبریز,آذربایجان شرقی,38.0739964,46.2961952
تیتکانلو,خراسان شمالی,37.2811331,58.2884947
تجریش,تهران,35.804937,51.4409634
تخت,هرمزگان,27.5012479,56.6361561
تیران,اصفهان,32.7039199,51.1530853
تربت جام,خراسان رضوی,35.2432546,60.626313
تربت حیدریه,خراسان رضوی,35.2740853,59.2194494
ترک,آذربایجان شرقی,37.6162908,47.7709614
ترکالکی,خوزستان,32.2456357,48.8466202
ترکمانچای,آذربایجان شرقی,37.5816929,47.3911101
تیرور,هرمزگان,27.3396747,56.9567463
تسوج,آذربایجان شرقی,38.3168836,45.3590459
تشان,خوزستان,30.8259721,50.2026843
تفت,یزد,31.752049,54.217422
تفرش,مركزی,34.6927402,50.0146963
تکاب,آذربایجان غربی,36.4007658,47.1117125
تیکمه داش,آذربایجان شرقی,37.2626308,46.7317581
تیمورلو,آذربایجان شرقی,37.8054805,45.8995042
تنکابن,مازندران,36.8154324,50.8787003
تنکمان,البرز,35.8906652,50.6156142
تنگ ارم,بوشهر,29.1544748,51.5293588
تهران,تهران,35.6892523,51.3896004
توپ آغاج,کردستان,36.0488063,47.8233496
توتکابن,گیلان,36.8928479,49.5276938
توحید,ایلام,33.728139,47.0678839
تودشک,اصفهان,32.7198701,52.6707972
توره,مركزی,39.1623265,44.8703322
تویسرکان,همدان,34.5478858,48.4478184
جاجرم,خراسان شمالی,36.7038273,56.5278232
جایزان,خوزستان,30.8751924,49.853429
جالق,سیستان و بلوچستان,27.6033419,62.7097131
جاورسیان,مركزی,34.2537757,49.43269396860929
جبالبارز,كرمان,28.9071346,57.8852472
جیرفت,كرمان,28.6697367,57.7373382
جیرنده,گیلان,36.7021301,49.7957151
جعفرآباد,اردبیل,39.4356852,48.0946149
جعفریه,قم,34.7747682,50.5164348
جغتای,خراسان رضوی,36.638031,57.0743721
جلفا,آذربایجان شرقی,38.9376054,45.6252101
جلین,گلستان,36.85118745,54.5326704793633
جم,بوشهر,27.8262811,52.3263597
جناح,هرمزگان,27.0173998,54.2839961
جنت شهر,فارس,28.6548665,54.6837567
جنت مکان,خوزستان,32.1836847,48.8146563
جندق,اصفهان,34.0422837,54.4150165
جنگل,خراسان رضوی,34.7033333,59.2227778
جهرم,فارس,28.4961762,53.5593366
جوادآباد,تهران,35.2110306,51.6725017
جوانرود,کرمانشاه,34.8039724,46.4920807
جوان قلعه,آذربایجان شرقی,37.4969626,45.9735062
جویبار,مازندران,36.6400238,52.9100038
جوپار,كرمان,29.9107857,57.2013751
جورقان,همدان,34.8813237,48.54940434151772
جوزدان,اصفهان,32.5566297,51.3714526
جوزم,كرمان,30.5167659,55.0329444
جوشقان قالی,اصفهان,33.5908206,51.212541
جوکار,همدان,34.4322536,48.6862474
جویم,فارس,28.2529474,53.9829116
جونقان,چهارمحال و بختیاری,32.1652998,50.65380613530248
چابکسر,گیلان,36.9743391,50.57079
چابهار,سیستان و بلوچستان,25.2935488,60.6469115
چاپشلو,خراسان رضوی,37.3514931,59.0774864
چادگان,اصفهان,32.7743148,50.62360837551181
چارک,هرمزگان,26.7318351,54.2791108
چاف و چمخاله,گیلان,37.2462052,50.2477691
چالانچولان,لرستان,33.6652163,48.9070691
چالوس,مازندران,36.6506329,51.4223717
چیتاب,کهگیلویه و بویراحمد,30.7942097,51.327525
چترود,كرمان,30.58221615,56.84691974729148
چرام,کهگیلویه و بویراحمد,,
چرمهین,اصفهان,33.3824174,52.3987573
چغادک,بوشهر,28.9880011,51.0357975
چغامیش,خوزستان,32.3058058,48.5135114
چقابل,لرستان,33.6662695,48.5189312
چکنه,خراسان رضوی,36.8179746,58.5035404
چلیچه,چهارمحال و بختیاری,32.2305757,50.6284832
چلگرد,چهارمحال و بختیاری,32.4682525,50.1222437
چمران,خوزستان,32.0427787,48.8636556
چمستان,مازندران,36.4773762,52.1167325
چمگردان,اصفهان,32.393093,51.338919
چم گلک,خوزستان,32.4448307,48.4418611
چناران,خراسان رضوی,36.6483961,59.1185005
چناران شهر,خراسان شمالی,37.3996434,57.53965
چناره,کردستان,36.1443,46.572
چهارباغ,البرز,35.8394861,50.8480555
چهاربرج,آذربایجان غربی,37.1250023,45.9772001
چهاردانگه,تهران,35.6067482,51.3100612
چوار,ایلام,33.6967187,46.2967631
چویبده,خوزستان,30.1818106,48.5825118
چوبر,گیلان,38.1795115,48.892019
چورزق,زنجان,36.9982345,48.7776206
حاجی آباد,خراسان جنوبی,32.8830414,59.157697
حاجی آباد,فارس,29.6556704,52.3150351
حاجی اباد,هرمزگان,28.3071782,55.8984682
حبیب آباد,اصفهان,32.8276538,51.7757315
حر,خوزستان,32.4361465,48.35757
حسامی,فارس,29.9693659,53.87376
حسن آباد,تهران,35.6861227,51.4101573
حسن اباد,اصفهان,33.3782113,50.0589311
حسن اباد,فارس,30.5205729,52.4552555
حسینیه,خوزستان,32.6826625,48.247497
حصارگرمخان,خراسان شمالی,,
حلب,زنجان,36.2955098,48.0597202
حمیدیا,یزد,31.8254158,54.3936551
حمیدیه,خوزستان,31.4808215,48.4353791
حمزه,خوزستان,32.3918951,48.5790869
حمیل,کرمانشاه,33.9376399,46.7736717
حنا,اصفهان,31.1971774,51.7245141
حویق,گیلان,38.1479478,48.8945515
خاتون اباد,كرمان,30.0077147,55.4204993
خارک,بوشهر,29.2405943,50.31172927653904
خاروانا,آذربایجان شرقی,38.6851329,46.1697582
خاش,سیستان و بلوچستان,28.2203911,61.2137052
خاکعلی,قزوین,36.1285497,50.1758838
خالدآباد,اصفهان,33.6998125,51.9883183
خامنه,آذربایجان شرقی,38.1934507,45.6298023
خان ببین,گلستان,37.0125489,54.985773
خانیمن,فارس,30.5899692,52.0484187
خانه زنیان,فارس,,
خانوک,كرمان,30.7174008,56.77589
خاوران,فارس,28.937829,53.3147706
خداجو(خراجو),آذربایجان شرقی,37.3127515,46.5310312
خرامه,فارس,29.498294,53.3122486
خرم آباد,لرستان,33.5122724,48.3576245
خرم آباد,مازندران,36.781374,50.8727556
خرمدره,زنجان,36.20354,49.1881871
خرمدشت,قزوین,35.9294793,49.5117431
خرمشهر,خوزستان,30.4333105,48.1779858
خرو,خراسان رضوی,35.5108865,58.2596341
خسروشاه,آذربایجان شرقی,37.9513096,46.0509259
خشت,فارس,29.5679441,51.3395311
خشکبیجار,گیلان,37.3742058,49.7581583
خشکرود,مركزی,36.7983341,50.7761382
خضرآباد,یزد,31.8660363,53.9524198
خضری دشت بیاض,خراسان جنوبی,34.0216542,58.8140837
خلخال,اردبیل,37.6192217,48.5278144
خلیفان,آذربایجان غربی,36.9142262,45.431558
خلیل آباد,خراسان رضوی,35.535106,60.030846
خلیل شهر,مازندران,36.7013487,53.6402049
خمارلو,آذربایجان شرقی,39.1584011,47.0326209
خمام,گیلان,37.3904902,49.6607472
خمیر,هرمزگان,27.1699856,55.54420743583567
خمین,مركزی,31.5351472,49.9515693
خمینی شهر,اصفهان,32.6938201,51.5254892
خنافره,خوزستان,30.6326669,48.6331848
خنج,فارس,27.8899259,53.4367822
خنجین,مركزی,34.7699461,49.54680082672588
خنداب,مركزی,34.7629999,48.206155
خوی,آذربایجان غربی,38.5504343,44.95354
خواجه,آذربایجان شرقی,38.1529122,46.5827856
خواجو شهر,كرمان,29.2730974,55.8314812
خواف,خراسان رضوی,34.5723166,60.1440373
خوانسار,اصفهان,33.22692,50.3146044
خور,اصفهان,33.7761331,55.0828304
خور,فارس,27.6459069,54.345362
خورزوق,اصفهان,32.77894605,51.640822427130274
خورسند,كرمان,30.1558292,55.0863353
خورموج,بوشهر,28.6543108,51.3758834
خوزی,فارس,27.4480198,52.9723728
خوسف,خراسان جنوبی,32.7792099,58.8879164
خوش رودپی,مازندران,36.3810371,52.6007896
خومه زار,فارس,30.0090201,51.5737978
دابودشت,مازندران,36.4792745,52.4496747
داراب,فارس,28.753194,54.548149
داران,اصفهان,32.9852558,50.4128266
داریان,فارس,29.5751121,52.89745177160898
دارخوین,خوزستان,30.7416962,48.4194934
دالکی,بوشهر,29.4307486,51.2925138
دامغان,سمنان,36.167451,54.3379993
دامنه,اصفهان,33.0178599,50.4893488
دانسفهان,قزوین,35.811396,49.7420921
داودآباد,مركزی,34.2922268,49.8553198
داورزن,خراسان رضوی,36.3512877,56.8762448
دیباج,سمنان,36.4282719,54.2294606
دبیران,فارس,28.4064149,54.1884143
درب بهشت,كرمان,29.2331911,57.3372473
درب گنبد,لرستان,33.6904944,47.1502234
درجزین,سمنان,35.6539439,53.3379876
درچه,اصفهان,32.6122831,51.5574338
درق,خراسان شمالی,36.9745545,56.2158601
درگز,خراسان رضوی,37.4470313,59.1064876
درگهان,هرمزگان,26.9674546,56.0778103
دره شهر,ایلام,33.1385109,47.3753599
درود,خراسان رضوی,36.1386891,59.1162125
دزج,کردستان,35.0641194,47.9661961
دیزج دیز,آذربایجان غربی,38.4614758,45.0252181
دیزیچه,اصفهان,32.3805576,51.5116857
دزفول,خوزستان,32.3780257,48.4032064
دژکرد,فارس,30.7231669,51.954873
دستجرد,قم,34.5504237,50.2473376
دستگرد,اصفهان,32.8015531,51.6640173
دستنا,چهارمحال و بختیاری,32.0599837,50.7709668
دشتی,هرمزگان,27.179885,53.0025795
دشتک,چهارمحال و بختیاری,32.1607711,50.4515108
دشتکار,كرمان,29.9067856,56.6622281
دیشموک,کهگیلویه و بویراحمد,,
دلبران,کردستان,35.2446523,47.9869563
دلیجان,مركزی,37.1927943,49.9302854
دلگشا,ایلام,33.4055827,46.594467
دیلمان,گیلان,36.8884879,49.906745
دلند,گلستان,37.0355462,55.0492231
دلوار,بوشهر,28.9481476,50.9562739
دماوند,تهران,35.7179802,52.0681882
دمق,همدان,35.4431296,48.8234849
دندی,زنجان,36.5541697,47.6207573
دهاقان,اصفهان,31.9344047,51.6547247
دهبارز,هرمزگان,27.4413347,57.1909085
دهج,كرمان,30.6907903,54.8777097
دهدز,خوزستان,31.707783,50.2885498
دهدشت,کهگیلویه و بویراحمد,30.6180396,51.3284494
دهرم,فارس,28.4921165,52.3036835
دهق,اصفهان,33.1049536,50.9629781
دهگلان,کردستان,35.280039,47.4189871
دهلران,ایلام,32.6914932,47.2674712
دیهوک,خراسان جنوبی,33.2929935,57.5169869
دیواندره,کردستان,35.9159662,47.0193315
دوبرجی,فارس,28.3071988,55.1923987
دوراهک,بوشهر,27.9471043,51.9598451
دورود,لرستان,33.4992998,49.0529575
دوزدوزان,آذربایجان شرقی,37.948976,47.119787
دوزه,فارس,28.7017719,52.9536255
دوساری,كرمان,28.4292459,57.9423801
دوست محمد,سیستان و بلوچستان,31.1427915,61.7909563
دوگنبدان,کهگیلویه و بویراحمد,,
دولت آباد,اصفهان,33.6091519,52.2002763
دولت آباد,خراسان رضوی,36.4371492,59.1666169
ری,تهران,35.680133,51.438073
رابر,كرمان,29.2907749,56.914165
راز,خراسان شمالی,37.9338042,57.1113879
رازقان,مركزی,35.3312924,49.9556045
رازمیان,قزوین,36.5411254,50.2117178
راسک,سیستان و بلوچستان,26.2368044,61.3987716
رامیان,گلستان,37.0150484,55.1424163
رامجرد,فارس,30.0755424,52.592567
رامسر,مازندران,36.9225518,50.6431897
رامشیر,خوزستان,30.8939518,49.4093497
رامهرمز,خوزستان,31.2780254,49.6020152
راین,كرمان,29.5781624,57.57765702776525
رانکوه,گیلان,37.0509408,50.2358103
راور,كرمان,31.2676737,56.8069974
رباط,کرمانشاه,34.2686793,46.8039666
رباط سنگ,خراسان رضوی,35.5460635,59.1938079
رباطکریم,تهران,,
ربط,آذربایجان غربی,37.7124914,44.688785
ریجاب,کرمانشاه,34.4733342,45.9824783
ریحان,كرمان,31.0976345,56.7439581
رحیم آباد,گیلان,37.0314749,50.326393
ریز,بوشهر,28.0517466,52.0837191
رزن,همدان,35.3884459,49.0344948
رزوه,اصفهان,32.8340748,50.567656862745366
رستم آباد,گیلان,36.897394,49.4915717
رستمکلا,مازندران,36.7135002,53.4406782
رشت,گیلان,37.204137,49.5635372
رشتخوار,خراسان رضوی,34.97783,59.62572044564483
رضی,اردبیل,38.6296398,48.0956519
رضوانشهر,اصفهان,32.7031948,51.104972
رضوانشهر,گیلان,37.5479126,49.1395774
رضویه,خراسان رضوی,36.2064831,59.7698334
رفسنجان,كرمان,30.402184,55.9941776
رفیع,خوزستان,31.5962386,47.8919447
رینه,مازندران,35.8819792,52.1697254
رویان,مازندران,36.5694026,51.9617002
روانسر,کرمانشاه,34.7161309,46.6508369
روداب,خراسان رضوی,36.0213972,57.3114353
رودیان,سمنان,36.3510635,55.0023106
رودبار,كرمان,28.0185535,58.0006441
رودبار,گیلان,36.8219055,49.4268249
رودبنه,گیلان,37.257511050000005,50.007586250919545
رویدر,هرمزگان,27.4646306,55.4191063
رودسر,گیلان,37.1381592,50.2927862
رودهن,تهران,35.734772,51.9063798
ریوش,خراسان رضوی,35.4751589,58.4586724
رونیز,فارس,29.1904364,53.7674276
زابل,سیستان و بلوچستان,31.0277779,61.4948211
زیار,اصفهان,32.5094459,51.9378864
زیارت,خراسان شمالی,37.4431601,57.8847592
زیارتعلی,هرمزگان,27.7411165,57.2239649
زارچ,یزد,31.9903361,54.2354245
زازران,اصفهان,32.6018472,51.497766
زاغه,لرستان,33.4999202,48.7059909
زاینده رود,اصفهان,32.3925131,51.2695725
زاهدان,سیستان و بلوچستان,29.4928874,60.8503017
زاهدشهر,فارس,28.7484346,53.8041063
زاویه,مركزی,38.8437238,47.0164581
زیباشهر,اصفهان,32.3865574,51.5679359
یزد,یزد,31.8882678,54.3642391
زیدآباد,كرمان,29.6004426,55.5367771
یزدان شهر,كرمان,30.8653247,56.3647809
زیرآب,مازندران,36.1797175,52.9770067
زرآباد,آذربایجان غربی,38.8071305,44.5842985
زرآباد,سیستان و بلوچستان,25.5961564,59.402519
زرقان,فارس,29.71914115,52.84288022559357
زرگرمحله,مازندران,36.52680945,52.61966859028014
زرین آباد,زنجان,36.4284545,48.2816192
زرند,كرمان,30.8134822,56.5672432
زرین رود,زنجان,35.7565444,48.4811949
زرین شهر,اصفهان,32.3887062,51.3737142
زرنق,آذربایجان شرقی,37.3351718,47.6724879
زرنه,ایلام,33.928499,46.1826201
زرینه,کردستان,36.0602,47.1508
زنجان,زنجان,36.6699809,48.4859398
زنگی آباد,كرمان,30.0566111,55.1137444
زنگنه,همدان,34.1552764,49.01032
زنوز,آذربایجان شرقی,38.5880287,45.8319818
زهان,خراسان جنوبی,33.4226757,59.8126423
زهره,خوزستان,30.4695635,49.684133
زهک,سیستان و بلوچستان,30.8932189,61.6827311
زهکلوت,كرمان,27.793355,58.5907532
زواره,اصفهان,33.4469079,52.4948886
ساری,مازندران,36.5659598,53.0587229
ساروق,مركزی,36.3986947,46.578083
سالند,خوزستان,32.4967988,48.8341935
سامان,چهارمحال و بختیاری,,
سامن,همدان,34.2090147,48.704561
سیاهکل,گیلان,37.1521893,49.8716407
سیاه منصور,خوزستان,32.3311531,48.4961792
ساوه,مركزی,35.1062454,50.2687689
سبزوار,خراسان رضوی,36.2134053,57.6808799
سپیددشت,لرستان,33.2183987,48.882817
سجاس,زنجان,36.2402834,48.5530842
سجزی,اصفهان,32.6900849,52.1254256
سیدان,فارس,30.0045006,53.0060452
سده,فارس,30.7101418,52.1742262
سده لنجان,اصفهان,32.3783604,51.3148844
سرایان,خراسان جنوبی,33.8615755,58.5250488
سراب,آذربایجان شرقی,37.9407851,47.5374867
سراب باغ,ایلام,32.898466,47.5728997
سراب دوره,لرستان,33.5636959,48.0225482
سرابله,ایلام,33.7675797,46.5654912
سیراف,بوشهر,27.664912,52.3480157
سراوان,سیستان و بلوچستان,27.3651673,62.3390963
سرباز,سیستان و بلوچستان,26.6321167,61.2570288
سربیشه,خراسان جنوبی,32.573805,59.795754
سرپل ذهاب,کرمانشاه,34.4310518,45.9503823
سیرجان,كرمان,29.9439614,56.5475866
سرخرود,مازندران,36.6712757,52.4492344
سرخس,خراسان رضوی,36.5399097,61.1564431
سرخنکلاته,گلستان,36.8924801,54.5690723
سرخه,سمنان,35.4638851,53.2135038
سرخون,چهارمحال و بختیاری,31.749786,50.5509398
سرداران,خوزستان,32.0206734,48.7899226
سیردان,قزوین,36.6466238,49.1917414
سردرود,آذربایجان شرقی,38.0278895,46.1474327
سردشت,آذربایجان غربی,36.1553184,45.4799637
سردشت,چهارمحال و بختیاری,31.31321905,50.96757066098424
سردشت,خوزستان,30.3267403,50.2208188
سردشت,هرمزگان,26.4566743,57.90076789703648
سریش آباد,کردستان,35.2478257,47.778892
سرعین,اردبیل,38.1493746,48.0746208
سرفاریاب,کهگیلویه و بویراحمد,,
سیریک,هرمزگان,26.5177389,57.101798
سرکان,همدان,34.6022187,48.4508805
سیرکان,سیستان و بلوچستان,26.830089,62.6388773
سرگز,هرمزگان,27.9398953,56.662752
سرمست,کرمانشاه,34.0266,46.329
سرو,آذربایجان غربی,37.7269847,44.6423876
سروآباد,کردستان,35.3123202,46.3659551
سروستان,فارس,30.371128,53.8329237
سیس,آذربایجان شرقی,38.1997037,45.8124325
سی سخت,کهگیلویه و بویراحمد,,
سطر,کرمانشاه,34.8126546,47.4612562
سعادت شهر,فارس,30.0797928,53.1358118
سعد آباد,بوشهر,29.3848355,51.1166292
سفیددشت,چهارمحال و بختیاری,32.1715391,51.2058027
سفیدسنگ,خراسان رضوی,35.6576098,60.0955418
سفیدشهر,اصفهان,34.126299,51.3506189
سقز,کردستان,36.2427456,46.2705227
سگزآباد,قزوین,35.7739115,49.9362308
سلامی,خراسان رضوی,34.7448255,59.9785539
سلطان آباد,خراسان رضوی,36.5510406,59.2859552
سلطان شهر,فارس,29.6273121,53.2342532
سلطانیه,زنجان,36.4345194,48.7940806
سلفچگان,قم,34.4783955,50.4577101
سلماس,آذربایجان غربی,38.1969035,44.7685015
سلمان شهر,مازندران,36.7050537,51.1960013
سیلوانه,آذربایجان غربی,37.4216528,44.8543213
سماله,خوزستان,32.198813,48.8587387
سمیرم,اصفهان,31.4136588,51.5708254
سمنان,سمنان,35.5834074,53.3882906
سیمین شهر,گلستان,37.011276,54.231706
سیمینه,آذربایجان غربی,36.7303445,46.1534194
سین,اصفهان,32.8536719,51.6563384
سنخواست,خراسان شمالی,37.0997416,56.8492214
سندرک,هرمزگان,26.8370511,57.4254084
سنقر,کرمانشاه,34.7832217,47.5988073
سنگان,خراسان رضوی,34.3995279,60.2571339
سنگدوین,گلستان,36.9961957,54.8565871
سنگر,گیلان,37.179787,49.6947763
سنندج,کردستان,35.3126047,46.9978639
سیه چشمه,آذربایجان غربی,39.0651269,44.3844026
سیه رود,آذربایجان شرقی,38.8693808,46.0023332
سهرورد,زنجان,36.0705985,48.4423918
سه قلعه,خراسان جنوبی,33.665653,58.3976472
سهند,آذربایجان شرقی,37.6342498,46.4725979
سودجان,چهارمحال و بختیاری,32.5215922,50.4018883
سوران,سیستان و بلوچستان,27.2871579,61.9997051
سورشجان,چهارمحال و بختیاری,32.3163942,50.6761962
سورک,مازندران,36.596122,53.2108207
سورمق,فارس,31.0338723,52.8397513
سوزا,هرمزگان,26.7734831,56.0574001
سوسنگرد,خوزستان,31.5565801,48.1880626
سوق,کهگیلویه و بویراحمد,,
سومار,کرمانشاه,33.8862053,45.6388242
شاپورآباد,اصفهان,32.8438235,51.7444357
شادگان,خوزستان,30.6492516,48.6690288
شادمهر,خراسان رضوی,35.1716343,59.0366756
شازند,مركزی,33.9085387,49.319500814870736
شال,قزوین,35.8980371,49.7700946
شاندیز,خراسان رضوی,36.3958867,59.2985989
شاهدشهر,تهران,35.5735353,51.0868332
شاهدیه,یزد,31.9422469,54.2828268
شاهرود,سمنان,36.4195026,54.9649915
شاهین دژ,آذربایجان غربی,36.6784386,46.5656627
شاهین شهر,اصفهان,32.8556169,51.558376
شاهو,کرمانشاه,34.9978076,46.472382
شاوور,خوزستان,32.0564315,48.3043796
شباب,ایلام,33.7490262,46.6384231
شیبان,خوزستان,31.4066455,48.7948143
شبانکاره,بوشهر,29.4696831,50.9909728
شبستر,آذربایجان شرقی,38.1783704,45.7002363
شیراز,فارس,29.6060218,52.5378041
شرافت,خوزستان,32.0892117,48.7684968
شربیان,آذربایجان شرقی,37.8811174,47.1008591
شریف آباد,تهران,35.422537,51.7902387
شرفخانه,آذربایجان شرقی,38.1786897,45.4892529
شریفیه,قزوین,36.2135701,50.1532034
شیرگاه,مازندران,36.3004288,52.8815857
شیرین سو,همدان,35.4926221,48.4515219
شیروان,خراسان شمالی,37.395352,57.9300305
شیرود,مازندران,36.8495832,50.7909086
ششتمد,خراسان رضوی,35.9585753,57.766785
ششده,فارس,28.9486348,53.9955053
شفت,گیلان,37.1703562,49.4027782
شلمان,گیلان,37.1559178,50.2161864
شلمزار,چهارمحال و بختیاری,32.0464968,50.8184796
شمس آباد,خوزستان,32.2978523,48.4295553
شمشک,تهران,36.011362,51.4909361
شنبه,بوشهر,28.3952701,51.7645229
شندآباد,آذربایجان شرقی,38.1414419,45.6298841
شهباز,مركزی,33.8519682,49.4360304
شهداد,كرمان,30.4196387,57.7023666
شهراباد,خراسان رضوی,35.03093015,57.74091945619847
شهریار,تهران,35.6926324,51.0774939
شهر امام,خوزستان,32.2280083,48.4246878
شهربابک,كرمان,30.2624007,54.9222443
شهرپیر,فارس,28.3333299,54.4178307
شهرجدیدهشتگرد,البرز,,
شهرزو,خراسان رضوی,36.7488391,59.9338092
شهرصدرا,فارس,29.8003229,52.496107541799695
شهرضا,اصفهان,32.0116032,51.8651719
شهرکرد,چهارمحال و بختیاری,32.3257366,50.8497369
شهرک علی اکبر,سیستان و بلوچستان,,
شهمیرزاد,سمنان,35.7735069,53.3279767
شوسف,خراسان جنوبی,31.8035023,60.0099186
شوش,خوزستان,31.3357512,48.7115574
شوشتر,خوزستان,32.0547874,48.8456666
شویشه,کردستان,35.3570893,46.676496
شوط,آذربایجان غربی,39.2178874,44.7711898
شوقان,خراسان شمالی,37.3418549,56.886776
شول آباد,لرستان,33.1853836,49.1906861
صاحب,کردستان,36.2017503,46.4610855
صالح آباد,ایلام,33.4694261,46.1888889
صالح آباد,خراسان رضوی,36.1732971,58.7518337
صالح آباد,همدان,34.9215829,48.3431377
صالح شهر,خوزستان,32.2120495,48.6722366
صالحیه,تهران,35.5052878,51.1915512
صایین قلعه,زنجان,36.3038013,49.072849
صباشهر,تهران,35.582554,51.1132146
صحنه,کرمانشاه,34.4812132,47.6935934
صیدون,خوزستان,31.367373,50.0844132
صغاد,فارس,31.1915603,52.5155699
صفی آباد,خراسان شمالی,36.6960952,57.9299731
صفی آباد,خوزستان,32.261972,48.4179471
صفادشت,تهران,35.692438,50.8482841
صفاشهر,فارس,30.6120886,53.1952146
صفاییه,كرمان,30.8265371,55.8105318
صمصامی,چهارمحال و بختیاری,32.1670091,50.2754832
صوفیان,آذربایجان شرقی,38.27694,45.981373
صومعه سرا,گیلان,37.301672,49.3147378
ضیاڈآباد,قزوین,,
طاقانک,چهارمحال و بختیاری,32.2007511,50.80745036216823
طالخونچه,اصفهان,32.2603438,51.56283137914701
طالقان,البرز,36.177868,50.7655155
طبس,خراسان جنوبی,33.596031,56.9247263
طبس مسینا,خراسان جنوبی,32.8063555,60.222247
طرقبه,خراسان رضوی,36.3097179,59.3741338
طرق رود,اصفهان,33.37019955,51.80498405599897
عالی شهر,بوشهر,28.9244728,51.0641358
عباس اباد,مازندران,36.7273388,51.1072379
عجب شیر,آذربایجان شرقی,37.4770929,45.8936922
عسگران,اصفهان,32.8646215,50.8517144
عسلویه,بوشهر,27.4760027,52.6070411
عشق آباد,خراسان جنوبی,33.2069914,59.164877
عشق آباد,خراسان رضوی,36.0433722,58.6829884
عقدا,یزد,32.4399758,53.628458
علی اباد,گلستان,36.9083415,54.8675871
علامرودشت,فارس,27.6248362,52.9976097
علویجه,اصفهان,33.0585081,51.1134199
عمادده,فارس,27.4474729,53.8602178
عنبرآباد,كرمان,28.4779105,57.844051
عنبران,اردبیل,38.4900003,48.4355097
غرق آباد,مركزی,35.1092029,49.8312434
فاریاب,كرمان,28.0986408,57.229663
فارسان,چهارمحال و بختیاری,32.2549162,50.5624938
فارغان,هرمزگان,28.0077984,56.255127
فاروج,خراسان شمالی,37.22758415,58.22040369541307
فاضل آباد,گلستان,36.900353,54.7501997
فامنین,همدان,35.1179137,48.9721158
فتح المبین,خوزستان,32.313844,48.1479421
فخراباد,اردبیل,38.5268081,47.8638481
فدامی,فارس,28.2155252,55.133631
فرادبنه,چهارمحال و بختیاری,,
فراشبند,فارس,28.60064805,52.26800830861151
فراغی,گلستان,37.5270128,55.5941862
فرخی,اصفهان,33.844903,54.9470758
فرخ شهر,چهارمحال و بختیاری,32.2732354,50.9836849
فردیس,البرز,35.7866258,51.0025424
فردوس,خراسان جنوبی,34.01816,58.1689746
فردوسیه,تهران,35.6000722,51.0627593
فریدونشهر,اصفهان,32.9248791,50.1709055
فریدونکنار,مازندران,36.6830883,52.5217808
فرسفج,همدان,34.4865511,48.2859752
فریم,مازندران,36.1726982,53.2677764
فریمان,خراسان رضوی,35.701215,59.8465304
فرمهین,مركزی,34.490993950000004,49.57923608514865
فرهادگرد,خراسان رضوی,35.7664697,59.7345327
فیرورق,آذربایجان غربی,38.5821035,44.8316495
فیروزآباد,فارس,28.845604,52.5727236
فیروزآباد,لرستان,33.8982515,48.1034902
فیروزان,همدان,34.360476,48.1138221
فیروزکوه,تهران,35.7377258,52.707603
فیروزه,خراسان رضوی,36.2863586,58.5868002
فرون اباد,تهران,35.5150443,51.6195825
فسا,فارس,28.9366395,53.6510677
فشم,تهران,35.9293609,51.5271914
فیض آباد,خراسان رضوی,35.0223775,58.7859505
فلاورجان,اصفهان,32.5576772,51.5079153
فین,هرمزگان,27.6310402,55.8952572
فنوج,سیستان و بلوچستان,26.575768,59.6398773
فهرج,كرمان,29.17695645,59.1983993063632
فولادشهر,اصفهان,32.4834868,51.4173278
فومن,گیلان,37.2273234,49.3141954
قادراباد,فارس,30.2742465,53.2686602
قاسم آباد,خراسان رضوی,36.2989955,59.8782631
قاضی,خراسان شمالی,37.847182,57.3160849
قایم شهر,مازندران,36.4636399,52.8579311
قایمیه,فارس,29.8510025,51.5819119
قاین,خراسان جنوبی,33.7258398,59.1893483
قیدار,زنجان,36.1227353,48.591074
قدس,تهران,35.5878289,51.4448952
قدمگاه,خراسان رضوی,36.1063279,59.0597459
قیر,فارس,28.482802,53.0357558
قرچک,تهران,35.4421824,51.5697005
قره آغاج,آذربایجان شرقی,37.1287747,46.9750123
قره بلاغ,فارس,28.9053715,54.1318277
قره ضیاءالدین,آذربایجان غربی,38.891166,45.0282107
قروه,کردستان,35.1679005,47.800886
قروه درجزین,همدان,35.3101504,49.1004503
قزوین,قزوین,36.2490617,50.1786736
قشم,هرمزگان,26.9221585,56.069264329412206
قصابه,اردبیل,38.3837047,47.5455522
قصرشیرین,کرمانشاه,34.5218483,45.581885
قصرقند,سیستان و بلوچستان,26.2394578,60.7419235
قطب آباد,فارس,28.6393017,53.6378046
قطرویه,فارس,29.1461299,54.7027042
قطور,آذربایجان غربی,38.4714718,44.4099457
قلعه تل,خوزستان,31.6307184,49.8908244
قلعه خواجه,خوزستان,32.20750145,49.45465457101679
قلعه رییسی,کهگیلویه و بویراحمد,,
قلعه قاضی,هرمزگان,27.4455968,56.5450429
قلعه گنج,كرمان,27.5239005,57.8771387
قلندرآباد,خراسان رضوی,35.5993818,59.9498981
قم,ایران,34.48080565,50.39646983562088
قم,قم,34.6423117,50.8800969
قمصر,اصفهان,33.753718,51.4325807
قنوات,قم,34.6136599,51.0246432
قهاوند,همدان,34.8594697,49.0033362
قهجاورستان,اصفهان,32.7034085,51.7969889
قهدریجان,اصفهان,32.577126,51.4539164
قهستان,خراسان جنوبی,33.1495413,59.7165809
قوچان,خراسان رضوی,37.105993,58.5108056
قورچی باشی,مركزی,34.5037,46.1609
قوشچی,آذربایجان غربی,37.9929508,45.0370956
قوشخانه,خراسان شمالی,36.9969444,58.2183333
کاج,چهارمحال و بختیاری,32.0583082,50.5827861
کاخک,خراسان رضوی,34.1511878,58.6392528
کارچان,مركزی,34.1003203,49.9325663
کاریز,خراسان رضوی,34.8127778,60.8241667
کارزین (فتح آباد),فارس,28.4097651,53.106353
کازرون,فارس,29.6203251,51.6520826
کیاسر,مازندران,36.2366087,53.5412514
کاشان,اصفهان,33.9876533,51.4428856
کاشمر,خراسان رضوی,35.2444908,58.464248
کیاشهر,گیلان,37.4188972,49.9488125
کاظم آباد,كرمان,29.5661437,55.5513369
کاکی,بوشهر,28.3366456,51.523857
کیاکلا,مازندران,36.580532,52.8097463
کامیاران,کردستان,34.9451922,46.857943688638656
کامفیروز,فارس,30.3222845,52.1932593
کامو و چوگان,اصفهان,,
کیان,چهارمحال و بختیاری,,
کانی دینار,کردستان,35.4644364,46.208135
کانی سور,کردستان,36.0583,45.7481
کیانشهر,كرمان,31.155512,56.3803406
کبودرآهنگ,همدان,35.2083683,48.7242053
کتالم وسادات شهر,مازندران,,
کجور,مازندران,36.3843225,51.7273613
کدکن,خراسان رضوی,35.5855764,58.8787467
کرج,البرز,35.8224892,50.9904681
کردکوی,گلستان,36.7914895,54.11342994468153
کرسف,زنجان,36.0441423,48.5057235
کرکوند,اصفهان,32.3460971,51.4473626
کرمان,كرمان,30.24024875,57.06457013574952
کرمانشاه,کرمانشاه,34.3239414,47.0735891
کرند,کرمانشاه,34.2990982,46.183258672904266
کره ای,فارس,29.5938759,51.3788621
کیش,هرمزگان,26.5419613,54.0071138
کشاورز,آذربایجان غربی,36.8355495,46.3573777
کشکسرای,آذربایجان شرقی,38.458553,45.5673225
کشکوییه,كرمان,30.5263201,55.6424426
کلات,خراسان رضوی,34.1983333,58.5444444
کلاته,سمنان,36.3570835,54.1455832
کلاته خیج,سمنان,36.6737481,55.2968812
کلاچای,گیلان,37.0769158,50.3971953
کلارآباد,مازندران,36.6964662,51.2511485
کلاردشت,مازندران,36.5055519,51.1587669
کلاله,گلستان,37.57100165,55.613015751108726
کیلان,تهران,35.5505069,52.1684289
کلیبر,آذربایجان شرقی,38.8653368,47.038217
کلیشادوسودرجان,اصفهان,,
کلمه,بوشهر,28.9436694,51.4581903
کلوانق,آذربایجان شرقی,38.1035391,46.9922274
کلور,اردبیل,37.3889125,48.7221802
کمال شهر,البرز,35.8624842,50.880468
کمیجان,مركزی,34.744939849999994,49.28823928642289
کمشچه,اصفهان,33.2300007,52.0558823
کمه,اصفهان,31.0676887,51.5936835
کنارتخته,فارس,29.5327812,51.3960796
کنارک,سیستان و بلوچستان,25.3604865,60.3981155
کندر,خراسان رضوی,35.2116371,58.1508386
کنگ,هرمزگان,26.5966018,54.9277017
کنگاور,کرمانشاه,34.5051774,47.9658794
کهریزسنگ,اصفهان,32.62883235,51.480913042335175
کهریزک,تهران,35.517323,51.3618852
کهک,قم,34.3930163,50.8648024
کهن آباد,سمنان,35.2218074,52.5216992
کهنوج,كرمان,27.9502255,57.7025775
کوار,فارس,29.2003014,52.6926076
کوپن,فارس,30.3318329,51.2845036
کوت سیدنعیم,خوزستان,,
کوت عبداله,خوزستان,31.2395661,48.6512494
کوچصفهان,گیلان,37.2787049,49.7721208
کوراییم,اردبیل,37.9552413,48.2355776
کوزران,کرمانشاه,34.4965,46.599
کوزه کنان,آذربایجان شرقی,38.1865623,45.5751442
کوشک,اصفهان,32.6391832,51.5004056
کوشکنار,هرمزگان,27.2525961,52.8671285
کومله,گیلان,37.1523678,50.1740681
کوهبنان,كرمان,31.4100681,56.2825998
کوهپایه,اصفهان,32.7138321,52.4405045
کوهی خیل,مازندران,36.6879187,52.9118026
کوهدشت,لرستان,33.5331808,47.6070512
کوهسار,البرز,35.9627157,50.7920955
کوهستک,هرمزگان,26.8024898,57.0260523
کوهین,قزوین,36.3701265,49.6631317
کوهنانی,لرستان,33.403194,47.3258403
کوهنجان,فارس,29.2306219,52.9562466
گالیکش,گلستان,37.2719444,55.4325
گیان,همدان,34.1771986,48.2445727
گتاب,مازندران,36.431717,52.6578558
گتوند,خوزستان,32.2449183,48.8126036
گراب,لرستان,33.4853061,48.489661
گراب سفلی,کهگیلویه و بویراحمد,30.9426038,50.8983137
گراش,فارس,27.6701538,54.1378384
گردکشانه,آذربایجان غربی,36.8084866,45.264528
گرگاب,اصفهان,32.8678119,51.5981358
گرگان,گلستان,36.7923466,54.1142898
گرمی,اردبیل,39.0288619,48.08053
گرماب,زنجان,35.8479451,48.1962354
گرمدره,البرز,35.7517846,51.081807
گرمسار,سمنان,35.2222875,52.3383855
گرمه,خراسان شمالی,36.9870347,56.2888872
گروک,هرمزگان,26.5877269,57.0926598
گزبرخوار,اصفهان,,
گزیک,خراسان جنوبی,33.0260016,59.458995
گزنک,مازندران,35.9038115,52.2246758
گشت,سیستان و بلوچستان,27.7892564,61.9512927
گیلانغرب,کرمانشاه,34.1411088,45.9140759
گلباف,كرمان,29.8840436,57.7324102
گلبهار,خراسان رضوی,36.5725497,59.1966264
گلپایگان,اصفهان,33.6830082,50.9101211
گل تپه,همدان,35.2197239,48.2057048
گلدشت,اصفهان,32.6247941,51.4391574
گلزار,كرمان,29.7111348,57.0372966
گلسار,البرز,35.9144669,50.7723122
گلستان,تهران,35.5214193,51.1767192
گلشن,اصفهان,31.9370311,51.7543282
گلشهر,اصفهان,33.5130447,50.4754975
گلگیر,خوزستان,31.7647539,49.4983012
گلمکان,خراسان رضوی,36.4818235,59.1595291
گلمورتی,سیستان و بلوچستان,27.4809916,59.4483063
گله دار,فارس,30.3553658,53.3927669
گلوگاه,مازندران,36.7283914,53.8088538
گمیش تپه,گلستان,37.069877000000005,54.07272590842375
گناباد,خراسان رضوی,34.350302,58.6859427
گنبدکاووس,گلستان,37.2767138,55.16215666063432
گنبکی,كرمان,28.7222475,58.8664914
گندمان,چهارمحال و بختیاری,31.8650116,51.153733
گهرو,چهارمحال و بختیاری,32.004757,50.8871785
گهواره,کرمانشاه,34.344125,46.417181
گیوی,اردبیل,37.687697,48.3459079
گوجان,چهارمحال و بختیاری,32.2443611,50.5428324
گودین,کرمانشاه,34.5071703,48.079899
گوراب زرمیخ,گیلان,37.3021335,49.2208733
گوریه,خوزستان,31.8559767,48.7563581
گوگان,آذربایجان شرقی,37.7818413,45.9038288
گوگد,اصفهان,33.4755802,50.3554565
گوهران,هرمزگان,26.5968656,57.8950727
لای بید,اصفهان,33.4620923,50.6952181
لار,فارس,27.6619203,54.3229561
لالی,خوزستان,32.3306321,49.0944
لالجین,همدان,34.9746055,48.4750848
لاله زار,كرمان,29.5230978,56.8158055
لامرد,فارس,27.333426,53.1816105
لاهیجان,گیلان,37.2041991,50.0178042
لاهرود,اردبیل,38.5081222,47.8316745
لپویی,فارس,29.7997169,52.6504164
لردگان,چهارمحال و بختیاری,31.5126237,50.8303948
لیسار,گیلان,37.958973,48.9082044
لشت نشاء,گیلان,37.3592891,49.8621573
لطیفی,فارس,27.6900779,54.38714
لطف آباد,خراسان رضوی,36.1791421,58.7344229
لیکک,کهگیلویه و بویراحمد,,
لیلان,آذربایجان شرقی,37.0111324,46.2059139
لمزان,هرمزگان,27.0522974,54.8835685
لنده,کهگیلویه و بویراحمد,,
لنگرود,گیلان,37.19230095,50.15583816038672
لواسان,تهران,35.8204845,51.6321444
لوجلی,خراسان شمالی,37.6069313,57.8574221
لوشان,گیلان,36.6279334,49.5162305
لولمان,گیلان,37.2564928,49.2717653
لومار,ایلام,33.5673389,46.8146332
لوندویل,گیلان,38.3082625,48.8675037
مادرسلیمان,فارس,30.1910123,53.1734212
مادوان,کهگیلویه و بویراحمد,30.7140698,51.5419291
مارگون,کهگیلویه و بویراحمد,,
ماژین,ایلام,32.9542152,47.7885783
ماسال,گیلان,37.3640801,49.1328792
ماسوله,گیلان,37.1551276,48.9899692
ماکلوان,گیلان,37.1957815,49.1969213
ماکو,آذربایجان غربی,39.2909641,44.4521379
مال خلیفه,چهارمحال و بختیاری,,
میامی,سمنان,36.4086479,55.6545685
مامونیه,مركزی,35.3011297,50.5073612
میاندوآب,آذربایجان غربی,36.9695588,46.0993809
میان راهان,کرمانشاه,34.5843,47.442
میانرود,خوزستان,32.153851,48.4392787
میانشهر,فارس,28.7212614,53.8493965
میانه,آذربایجان شرقی,37.4284538,47.7057976
ماهان,كرمان,30.0536359,57.2883027
ماهدشت,البرز,35.7299002,50.8110899
ماه نشان,زنجان,36.7456508,47.6716751
مبارک آباددیز,فارس,,
مبارک شهر,آذربایجان شرقی,37.1833254,46.057954
مبارکه,اصفهان,32.4187736,51.7234945
میبد,یزد,32.2510825,54.0159205
مجلسی,اصفهان,32.1968552,51.5007466
مجن,سمنان,36.4796519,54.6483772
محی آباد,كرمان,30.4919087,55.9598218
محلات,مركزی,33.9060573,50.4526427
محمدی,سیستان و بلوچستان,27.334289,62.391027006408166
محمدآباد,اصفهان,32.3250781,52.1110092
محمدآباد,سیستان و بلوچستان,30.8860774,61.4636468
محمدآباد,كرمان,28.8567234,59.2920303
محمدیار,آذربایجان غربی,36.9841837,45.5167584
محمدان,سیستان و بلوچستان,27.2023277,60.5616428
محمدشهر,البرز,35.7527246,50.9039864
محمدشهر,خراسان جنوبی,,
محمدیه,قزوین,36.2255821,50.1878041
محمودآباد,آذربایجان غربی,37.3659163,45.130571
محمودآباد,مازندران,36.6308963,52.2621156
محمودآبادنمونه,قزوین,,
میداود,خوزستان,31.3754759,49.8175771
میرآباد,آذربایجان غربی,38.0743416,44.6678923
مرادلو,اردبیل,38.7466001,47.7458947
مراغه,آذربایجان شرقی,37.3916705,46.2397524
مریانج,همدان,34.8306393,48.4614319
مراوه,گلستان,37.8198081,55.8896845252108
میرجاوه,سیستان و بلوچستان,29.0149246,61.4540744
مرجقل,گیلان,37.2761076,49.37639
مردهک,كرمان,28.3517264,58.1586637
مرزیکلا,مازندران,36.3636458,52.7341391
مرزن آباد,مازندران,36.4539793,51.3005787
مرگنلر,آذربایجان غربی,39.1489451,44.9523404
مرند,آذربایجان شرقی,38.4306358,45.7741
مریوان,کردستان,35.5219063,46.1758889
مرودشت,فارس,29.8762905,52.8062895
مروست,یزد,30.4774172,54.2126137
مزایجان,فارس,30.2922977,53.802393
مزدآوند,خراسان رضوی,36.1557394,60.5291811
مزرعه,گلستان,36.9134144,54.865026
مسجدسلیمان,خوزستان,32.027952400000004,49.398898252172415
مس سرچشمه,كرمان,29.9969927,55.7961096
مشراگه,خوزستان,31.0098009,49.4369137
مشکات,اصفهان,34.1776048,51.2641758
مشکان,فارس,29.4764819,54.3343068
مشکین دشت,البرز,35.7509589,50.9420738
مشگین شهر,اردبیل,38.3979293,47.6764836
مشهد,خراسان رضوی,36.2974945,59.6059232
مشهد ثامن,خراسان رضوی,36.2862801,59.6722841
مشهدریزه,خراسان رضوی,34.748765,60.6450823
مصیری,فارس,30.2443946,51.5241743
معلم کلایه,قزوین,36.451748,50.4753083
معمولان,لرستان,33.3793239,47.9603107
ملاثانی,خوزستان,31.5841359,48.888229
میلاجرد,مركزی,33.4281176,52.0013387
ملایر,همدان,34.2922623,48.8215749
ملارد,تهران,35.666763,50.9790423
ملک آباد,خراسان رضوی,35.9991019,59.5918125
ملکان,آذربایجان شرقی,37.1429593,46.104082
ممقان,آذربایجان شرقی,37.8443261,45.9729822
میمند,فارس,28.8666095,52.7485061
میمه,اصفهان,33.1590462,51.4071747
میمه,ایلام,33.2280492,46.919563
میناب,هرمزگان,27.1505605,57.0752814
منج,چهارمحال و بختیاری,31.538464,50.6267739
منجیل,گیلان,36.7448499,49.4000305
منصوریه,خوزستان,30.6284232,50.304706
منظریه,اصفهان,33.2159534,50.3136588
منوجان,كرمان,27.4014947,57.4949725
مینودشت,گلستان,37.2288889,55.3747222
مینوشهر,خوزستان,30.3563296,48.2070074
مهاباد,آذربایجان غربی,36.7591292,45.71788136268934
مهاباد,اصفهان,33.5252176,52.2132573
مهاجران,مركزی,35.030633,50.3531851
مهاجران,همدان,35.0764851,48.6161213
مهدی شهر,سمنان,35.7108029,53.3555769
مهر,ایلام,33.4308245,46.4636819
مهر,فارس,28.7565872,54.5369649
مهران,ایلام,33.6102575,46.3664923
مهربان,آذربایجان شرقی,38.0806733,47.1317722
مهردشت,یزد,31.0244526,53.3488446
مهریز,یزد,31.5841945,54.4445661
مهرستان,سیستان و بلوچستان,27.1310393,61.6746528
موچش,کردستان,35.0574727,47.1525037
مود,خراسان جنوبی,32.7063592,59.5243809
مورموری,ایلام,32.7254932,47.6773754
موسیان,ایلام,32.5209668,47.376702
مومن آباد,لرستان,33.8349987,48.2223124
نازک علیا,آذربایجان غربی,39.0109977,45.058161
نیاسر,اصفهان,33.9725381,51.146946
ناغان,چهارمحال و بختیاری,31.9344796,50.7276893
نافچ,چهارمحال و بختیاری,32.4228214,50.7896658
نالوس,آذربایجان غربی,36.9835017,45.1431549
نایین,اصفهان,32.6561655,51.8444479
نجف آباد,اصفهان,31.6551301,51.3796624
نجف شهر,كرمان,29.3897031,55.7203011
نخل تقی,بوشهر,27.4980795,52.583854
ندوشن,یزد,32.0281951,53.5494049
نیر,اردبیل,38.034005,47.9991069
نیر,یزد,31.4845702,54.1259966
نراق,مركزی,34.0096318,50.8402395
نرجه,قزوین,35.9909852,49.6245427
نی ریز,فارس,29.1732474,54.565966009855146
نرماشیر,كرمان,28.9513934,58.6963456
نسیم شهر,تهران,35.5613083,51.164113
نیشابور,خراسان رضوی,35.9907155,59.3301336
نشتارود,مازندران,36.7486267,51.0358454
نشتیفان,خراسان رضوی,34.4337222,60.1777943
نصرآباد,اصفهان,32.2792223,52.0600418
نصرآباد,خراسان رضوی,36.6416168,59.191188
نصرت آباد,سیستان و بلوچستان,29.8589189,59.9802973
نصیرشهر,تهران,35.4902417,51.1405769
نطنز,اصفهان,33.5136336,51.9140078
نظام شهر,كرمان,28.9154236,58.55057516779594
نظرآباد,البرز,35.9558897,50.6097443
نظرکهریزی,آذربایجان شرقی,37.34697,46.7629592
نقاب,خراسان رضوی,36.7105093,57.4086684
نقده,آذربایجان غربی,37.03489565,45.44115916108235
نقنه,چهارمحال و بختیاری,31.9333253,51.3258702
نکا,مازندران,36.6511824,53.2965182
نیک آباد,اصفهان,32.3041598,52.2032026
نیک پی,زنجان,36.8511873,48.1801063
نیک شهر,سیستان و بلوچستان,,
نگار,كرمان,29.8575198,56.8004242
نگین شهر,گلستان,37.1391667,55.1638889
نگور,سیستان و بلوچستان,25.3889117,61.1390842
نیل شهر,خراسان رضوی,35.1224857,60.7736351
نیمبلوک,خراسان جنوبی,33.9122595,58.9319935
نمین,اردبیل,38.4240161,48.4840477
نیمور,مركزی,33.83929715,50.46382202342606
نهاوند,همدان,34.3735986,48.668385
نهبندان,خراسان جنوبی,31.5431543,60.0349456
نوبران,مركزی,35.6648267,51.4627573
نوبندگان,فارس,28.8545602,53.8259023
نوجین,فارس,29.1225372,52.0151013
نوخندان,خراسان رضوی,37.5200945,58.9893154
نودان,فارس,29.8019495,51.6935995
نودژ,كرمان,27.5256296,57.454475
نودشه,کرمانشاه,35.1808,46.2544
نوده خاندوز,گلستان,37.0763889,55.2625
نور,مازندران,35.7944307,52.0940299
نورآباد,فارس,30.1154071,51.5229633
نورآباد,لرستان,34.0726246,47.9728357
نوربهار,زنجان,,
نوسود,کرمانشاه,35.1612676,46.2042463
نوش آباد,اصفهان,34.0776414,51.4338827
نوشین,آذربایجان غربی,37.7345037,45.0510944
نوشهر,مازندران,36.6508069,51.5034126
نوک آباد,سیستان و بلوچستان,28.5400131,60.7597704
نوکنده,گلستان,36.7692963,53.9419924
هادیشهر,آذربایجان شرقی,38.8416756,45.6648065
هادی شهر,مازندران,36.6400809,52.6315535
هارونی,چهارمحال و بختیاری,32.3912909,50.569649125
هچیرود,مازندران,36.6879365,51.3452585
هیدج,زنجان,36.2520936,49.1302561
هیدوچ,سیستان و بلوچستان,27.0005081,62.116917
هیر,اردبیل,38.0801837,48.5065169
هرات,یزد,30.0585897,54.3674023
هریس,آذربایجان شرقی,37.8264601,47.5151485
هرسین,کرمانشاه,34.2721,47.5861
هرمز,هرمزگان,27.0955031,56.452739
هرند,اصفهان,32.5625906,52.4355327
هشتبندی,هرمزگان,27.1525401,57.4469048
هشتپر (تالش),گیلان,37.7974981,48.904184
هشتجین,اردبیل,37.369503,48.322197
هشترود,آذربایجان شرقی,37.4758937,47.0499618
هشتگرد,البرز,35.9641824,50.6858036
هفت چشمه,لرستان,33.5217614,48.7871467
هفتگل,خوزستان,,
هفشجان,چهارمحال و بختیاری,32.2255216,50.7945045
هلشی,کرمانشاه,34.1108,47.0896
هماشهر,فارس,30.1185215,52.08532328543218
همت آباد,خراسان رضوی,36.2976907,58.4637326
همدان,همدان,34.7983271,48.5148499
هندیجان,خوزستان,30.2363224,49.7122886
هندودر,مركزی,33.7803949,49.2308157
هنزا,كرمان,29.3022258,57.1909341
هوراند,آذربایجان شرقی,38.8604709,47.3683131
هویزه,خوزستان,31.462778,48.0755697
واجارگاه,گیلان,37.03829,50.4058965
وایقان,آذربایجان شرقی,38.1304823,45.7129464
وحدتیه,بوشهر,29.48306,51.2369657
وحیدیه,تهران,35.6062379,51.0263766
ورامین,تهران,35.4073619,51.5887402
وراوی,فارس,27.4668628,53.0501495
وردنجان,چهارمحال و بختیاری,32.4755949,50.7685061
ورزقان,آذربایجان شرقی,38.5087607,46.6487801
ورزنه,اصفهان,32.4203632,52.6486815
ورنامخواست,اصفهان,32.357052,51.378721
وزوان,اصفهان,33.4158478,51.1820934
ویس,خوزستان,31.4855352,48.8758094
ویسیان,لرستان,33.4866325,48.0304375
یونسی,خراسان رضوی,34.8055463,58.4372591
ونک,اصفهان,31.5280386,51.3237006
